{
  "Total" : {
    "transaction" : "Total",
    "sampleCount" : 20,
    "errorCount" : 0,
    "errorPct" : 0.0,
    "meanResTime" : 269.1,
    "medianResTime" : 219.5,
    "minResTime" : 218.0,
    "maxResTime" : 754.0,
    "pct1ResTime" : 624.6000000000009,
    "pct2ResTime" : 749.75,
    "pct3ResTime" : 754.0,
    "throughput" : 6.299212598425196,
    "receivedKBytesPerSec" : 4.822834645669292,
    "sentKBytesPerSec" : 0.9596456692913387
  },
  "HTTP Request" : {
    "transaction" : "HTTP Request",
    "sampleCount" : 20,
    "errorCount" : 0,
    "errorPct" : 0.0,
    "meanResTime" : 269.1,
    "medianResTime" : 219.5,
    "minResTime" : 218.0,
    "maxResTime" : 754.0,
    "pct1ResTime" : 624.6000000000009,
    "pct2ResTime" : 749.75,
    "pct3ResTime" : 754.0,
    "throughput" : 6.299212598425196,
    "receivedKBytesPerSec" : 4.822834645669292,
    "sentKBytesPerSec" : 0.9596456692913387
  }
}